<?xml version="1.0" encoding="UTF-8"?>
<beans default-autowire="byName"
	xmlns="http://www.springframework.org/schema/beans" xmlns:xsi="http://www.w3.org/2001/XMLSchema-instance"
	xmlns:context="http://www.springframework.org/schema/context" xmlns:tx="http://www.springframework.org/schema/tx"
	xsi:schemaLocation="http://www.springframework.org/schema/beans http://www.springframework.org/schema/beans/spring-beans-3.2.xsd
		http://www.springframework.org/schema/tx http://www.springframework.org/schema/tx/spring-tx-4.1.xsd
		http://www.springframework.org/schema/context http://www.springframework.org/schema/context/spring-context-4.1.xsd">

	<bean id="org.dozer.mapper" class="org.dozer.DozerBeanMapper">
		<property name="mappingFiles">
			<list>
				<value>META-INF/dozer-mapping.xml</value>
			</list>
		</property>
	</bean>

	<bean id="datasource"
		class="org.springframework.jdbc.datasource.DriverManagerDataSource">
		<property name="driverClassName" value="com.mysql.jdbc.Driver"></property>
		<property name="url" value="jdbc:mysql://localhost/bdd_jee"></property>
		<property name="username" value="root"></property>
		<property name="password" value=""></property>
	</bean>

	<bean id="entityManagerFactory"
		class="org.springframework.orm.jpa.LocalContainerEntityManagerFactoryBean">
		<property name="dataSource" ref="datasource"></property>
		<property name="persistenceUnitName" value="myApps"></property>
	</bean>

	<bean id="transactionManager" class="org.springframework.orm.jpa.JpaTransactionManager">
		<property name="entityManagerFactory" ref="entityManagerFactory"></property>
	</bean>

	<tx:annotation-driven transaction-manager="transactionManager" />

	<context:annotation-config />
	<context:component-scan base-package="com.apps" />
</beans>
